link_img,img
https://i.ibb.co/cJ0dcH8/img-147.jpg,img-147
https://i.ibb.co/j30JzRp/img-148.jpg,img-148
https://i.ibb.co/wYsrLY3/img-149.jpg,img-149
https://i.ibb.co/8XVxRS5/img-569.jpg,img-569
https://i.ibb.co/9TJ76JV/img-568.jpg,img-568
https://i.ibb.co/hdvmb9B/img-446.jpg,img-446
https://i.ibb.co/h87Zvmn/img-102.jpg,img-102
https://i.ibb.co/w7qpBTJ/img-87.png,img-87
https://i.ibb.co/yNwJj4T/img-463.jpg,img-463
https://i.ibb.co/VVszbPn/img-207.jpg,img-207
https://i.ibb.co/VD80Wbs/img-170.jpg,img-170
https://i.ibb.co/7Wp7LLv/img-216.png,img-216
https://i.ibb.co/0YnbpXx/img-381.jpg,img-381
https://i.ibb.co/z79K4Ld/img-183.png,img-183
https://i.ibb.co/RTrD0qV/img-274.jpg,img-274
https://i.ibb.co/xKv8rZJ/img-270.jpg,img-270
https://i.ibb.co/QjFmCtD/img-604.jpg,img-604
https://i.ibb.co/pyphpzd/img-309.jpg,img-309
https://i.ibb.co/7Vfxfkn/img-294.jpg,img-294
https://i.ibb.co/mbSdtt1/img-222.png,img-222
https://i.ibb.co/c3xjtqH/img-605.jpg,img-605
https://i.ibb.co/QvXRGn6/img-457.jpg,img-457
https://i.ibb.co/Y77mBS7/img-606.jpg,img-606
https://i.ibb.co/Y2sHFF1/img-267.jpg,img-267
https://i.ibb.co/jMnpsFT/img-522.jpg,img-522
https://i.ibb.co/RTp4WDd/img-550.jpg,img-550
https://i.ibb.co/1JHxBsm/img-272.jpg,img-272
https://i.ibb.co/hBdt0KL/img-305.jpg,img-305
https://i.ibb.co/qW98zFB/img-295.jpg,img-295
https://i.ibb.co/GQqv2HM/img-430.jpg,img-430
https://i.ibb.co/dtRSc7M/img-49.jpg,img-49
https://i.ibb.co/g9fMxTy/img-281.png,img-281
https://i.ibb.co/VBsRRjZ/img-266.jpg,img-266
https://i.ibb.co/FXzXSRB/img-431.jpg,img-431
https://i.ibb.co/sbBk6CF/img-412.jpg,img-412
https://i.ibb.co/SJfZKB7/img-482.png,img-482
https://i.ibb.co/vZx5QTV/img-346.png,img-346
https://i.ibb.co/4794vxH/img-108.jpg,img-108
https://i.ibb.co/2yt8vRr/img-271.jpg,img-271
https://i.ibb.co/MPtcrZB/img-447.png,img-447
https://i.ibb.co/qRBQk3C/img-54.jpg,img-54
https://i.ibb.co/Sxb1RFf/img-273.jpg,img-273
https://i.ibb.co/1rNVnrb/img-197.png,img-197
https://i.ibb.co/3pm1fPG/img-7.jpg,img-7
https://i.ibb.co/2nSDCkd/img-203.png,img-203
https://i.ibb.co/hX0G95c/img-124.jpg,img-124
https://i.ibb.co/bszg4hm/img-269.jpg,img-269
https://i.ibb.co/JcDkzp7/img-505.png,img-505
https://i.ibb.co/8rPhSgv/img-268.jpg,img-268
https://i.ibb.co/cDPpYR2/img-336.png,img-336
https://i.ibb.co/Y2CGFBg/img-580.png,img-580
https://i.ibb.co/qL8WSKb/img-448.jpg,img-448
https://i.ibb.co/TMpcM4V/img-4.jpg,img-4
https://i.ibb.co/yPvTKZZ/img-439.png,img-439
https://i.ibb.co/3SMpfG3/img-591.jpg,img-591
https://i.ibb.co/B6dVrC2/img-350.png,img-350
https://i.ibb.co/KG1NCrW/img-593.jpg,img-593
https://i.ibb.co/ySghqSc/img-36.png,img-36
https://i.ibb.co/yRGrCzh/img-310.jpg,img-310
https://i.ibb.co/YQYFsYp/img-14.png,img-14
https://i.ibb.co/8d0DVyY/img-601.png,img-601
https://i.ibb.co/vqszhj4/img-334.png,img-334
https://i.ibb.co/cbFRnCr/img-492.png,img-492
https://i.ibb.co/FzXXVW5/img-592.jpg,img-592
https://i.ibb.co/68bRcQT/img-199.jpg,img-199
https://i.ibb.co/vV7gGMy/img-221.png,img-221
https://i.ibb.co/sHYdbq4/img-40.png,img-40
https://i.ibb.co/QD67K8S/img-394.png,img-394
https://i.ibb.co/vcPtVMJ/img-351.png,img-351
https://i.ibb.co/gPS8kJ6/img-588.jpg,img-588
https://i.ibb.co/NSmCQJw/img-171.jpg,img-171
https://i.ibb.co/qmmm3Hm/img-292.png,img-292
https://i.ibb.co/1zw6vKH/img-80.png,img-80
https://i.ibb.co/SdZ1tzf/img-168.png,img-168
https://i.ibb.co/8PNM9rj/img-112.png,img-112
https://i.ibb.co/x2rrstb/img-114.png,img-114
https://i.ibb.co/MsbTVC0/img-131.png,img-131
https://i.ibb.co/KySYCRV/img-308.jpg,img-308
https://i.ibb.co/JFwNV74/img-225.png,img-225
https://i.ibb.co/X56B3sf/img-111.png,img-111
https://i.ibb.co/1J8yMJw/img-565.png,img-565
https://i.ibb.co/0nRgwG4/img-237.png,img-237
https://i.ibb.co/VDQs5nf/img-160.png,img-160
https://i.ibb.co/Xs5gtKP/img-187.png,img-187
https://i.ibb.co/6Zmw55Q/img-437.png,img-437
https://i.ibb.co/7CrFwGf/img-502.png,img-502
https://i.ibb.co/xDg89J8/img-259.png,img-259
https://i.ibb.co/RyWp8SY/img-348.png,img-348
https://i.ibb.co/RQHfwvk/img-223.png,img-223
https://i.ibb.co/rM1TrJc/img-174.png,img-174
https://i.ibb.co/1bGZx3P/img-188.png,img-188
https://i.ibb.co/k910Wnf/img-265.png,img-265
https://i.ibb.co/Kj0LkV1/img-399.png,img-399
https://i.ibb.co/1Mn3W3k/img-106.png,img-106
https://i.ibb.co/b1xn0pJ/img-398.png,img-398
https://i.ibb.co/tY5qBxr/img-360.png,img-360
https://i.ibb.co/BPfCSt9/img-232.png,img-232
https://i.ibb.co/Gd9gmBz/img-65.png,img-65
https://i.ibb.co/Nxg4tRQ/img-483.jpg,img-483
https://i.ibb.co/F7xzh8v/img-6.jpg,img-6
https://i.ibb.co/8X4wkhw/img-564.png,img-564
https://i.ibb.co/Y73sVfL/img-46.png,img-46
https://i.ibb.co/LCrwLyR/img-575.png,img-575
https://i.ibb.co/ZfnvmJg/img-175.png,img-175
https://i.ibb.co/ZmWx474/img-66.png,img-66
https://i.ibb.co/Np4ymwq/img-241.jpg,img-241
https://i.ibb.co/zFP5Zpp/img-231.png,img-231
https://i.ibb.co/gwkxngJ/img-581.png,img-581
https://i.ibb.co/pbV3ZvY/img-81.png,img-81
https://i.ibb.co/QfCcpRd/img-22.png,img-22
https://i.ibb.co/KxfpNtR/img-157.png,img-157
https://i.ibb.co/vkCsS8b/img-110.png,img-110
https://i.ibb.co/WV8BHXH/img-38.png,img-38
https://i.ibb.co/SxdvSGT/img-597.png,img-597
https://i.ibb.co/7CMV9xQ/img-306.png,img-306
https://i.ibb.co/NntT5xW/img-74.jpg,img-74
https://i.ibb.co/LYqvFRP/img-24.png,img-24
https://i.ibb.co/vL8qNtd/img-506.png,img-506
https://i.ibb.co/CWYhLT3/img-132.png,img-132
https://i.ibb.co/b5pM0CC/img-252.png,img-252
https://i.ibb.co/ZSft7d9/img-23.png,img-23
https://i.ibb.co/6BrCN19/img-397.png,img-397
https://i.ibb.co/d2qzRh2/img-45.png,img-45
https://i.ibb.co/XsKD7pz/img-314.png,img-314
https://i.ibb.co/rFWqvY7/img-289.png,img-289
https://i.ibb.co/FVbHfK4/img-535.png,img-535
https://i.ibb.co/q9RffqW/img-335.png,img-335
https://i.ibb.co/KxwXjf1/img-428.jpg,img-428
https://i.ibb.co/PFL0Khk/img-105.png,img-105
https://i.ibb.co/gdvKw8Z/img-378.png,img-378
https://i.ibb.co/X2Z2LMD/img-472.jpg,img-472
https://i.ibb.co/L58Ptq6/img-542.jpg,img-542
https://i.ibb.co/gz6VRtW/img-553.png,img-553
https://i.ibb.co/2hr70nq/img-383.png,img-383
https://i.ibb.co/bLgHNW3/img-574.png,img-574
https://i.ibb.co/yhsxzHw/img-150.png,img-150
https://i.ibb.co/C6331xz/img-534.png,img-534
https://i.ibb.co/QcXmtd4/img-600.png,img-600
https://i.ibb.co/NyFT3k2/img-468.jpg,img-468
https://i.ibb.co/k0mjL2y/img-62.png,img-62
https://i.ibb.co/WGXxwV3/img-141.jpg,img-141
https://i.ibb.co/gTyRr5L/img-258.png,img-258
https://i.ibb.co/ZgdM4WS/img-198.png,img-198
https://i.ibb.co/Fqqd8yC/img-587.png,img-587
https://i.ibb.co/KsHCmZH/img-316.png,img-316
https://i.ibb.co/zN28CLv/img-562.png,img-562
https://i.ibb.co/9gd03dH/img-503.png,img-503
https://i.ibb.co/wRpT8b5/img-573.png,img-573
https://i.ibb.co/zP2QNwK/img-583.png,img-583
https://i.ibb.co/jMwbN1r/img-300.png,img-300
https://i.ibb.co/Df4W2Wn/img-261.png,img-261
https://i.ibb.co/JC3YmVg/img-585.png,img-585
https://i.ibb.co/d2LWCNb/img-15.png,img-15
https://i.ibb.co/WWRyfNP/img-230.png,img-230
https://i.ibb.co/0j7BBxg/img-315.png,img-315
https://i.ibb.co/hMtpNx1/img-61.png,img-61
https://i.ibb.co/QKBy8pp/img-161.png,img-161
https://i.ibb.co/rkhcjHv/img-299.png,img-299
https://i.ibb.co/VqMgjV9/img-370.png,img-370
https://i.ibb.co/Jc6zppV/img-244.jpg,img-244
https://i.ibb.co/7rBB384/img-465.jpg,img-465
https://i.ibb.co/wzdRK6T/img-561.png,img-561
https://i.ibb.co/JFGwGBk/img-176.jpg,img-176
https://i.ibb.co/4NqmJ2x/img-352.jpg,img-352
https://i.ibb.co/Fn54Rs0/img-117.png,img-117
https://i.ibb.co/nBDKZ0b/img-240.jpg,img-240
https://i.ibb.co/dgd1JLK/img-584.png,img-584
https://i.ibb.co/WysvQfg/img-436.png,img-436
https://i.ibb.co/ydKtLwM/img-165.png,img-165
https://i.ibb.co/55h9N4m/img-155.png,img-155
https://i.ibb.co/xh6BQ2s/img-356.png,img-356
https://i.ibb.co/vXQYZHX/img-251.png,img-251
https://i.ibb.co/RD9L7Nq/img-104.png,img-104
https://i.ibb.co/MGLNSvr/img-595.jpg,img-595
https://i.ibb.co/DPB95Nn/img-353.jpg,img-353
https://i.ibb.co/gj9fDhF/img-567.png,img-567
https://i.ibb.co/WtpGs4J/img-498.png,img-498
https://i.ibb.co/tJrLgKm/img-67.jpg,img-67
https://i.ibb.co/pZStQDX/img-474.jpg,img-474
https://i.ibb.co/2MsP5FY/img-76.png,img-76
https://i.ibb.co/d6jB58S/img-60.png,img-60
https://i.ibb.co/gd95Y44/img-47.png,img-47
https://i.ibb.co/gddV3yR/img-586.png,img-586
https://i.ibb.co/0tdMT2C/img-220.png,img-220
https://i.ibb.co/PFT7q7x/img-320.jpg,img-320
https://i.ibb.co/fx1jbMP/img-186.png,img-186
https://i.ibb.co/4pWspfN/img-103.png,img-103
https://i.ibb.co/88LqNND/img-318.png,img-318
https://i.ibb.co/rtdLfP1/img-327.jpg,img-327
https://i.ibb.co/r00fHkQ/img-227.png,img-227
https://i.ibb.co/8dfbLF9/img-546.jpg,img-546
https://i.ibb.co/dKCFGR9/img-479.jpg,img-479
https://i.ibb.co/yXR8drg/img-182.png,img-182
https://i.ibb.co/pXtWX4R/img-156.jpg,img-156
https://i.ibb.co/W68ZKkk/img-34.jpg,img-34
https://i.ibb.co/tmxgyvk/img-109.png,img-109
https://i.ibb.co/QrfdkbK/img-317.png,img-317
https://i.ibb.co/59pNC50/img-443.png,img-443
https://i.ibb.co/Qnh0kGz/img-256.jpg,img-256
https://i.ibb.co/bdD4zDR/img-453.png,img-453
https://i.ibb.co/9Gq4gXT/img-486.jpg,img-486
https://i.ibb.co/hFCtfRH/img-125.jpg,img-125
https://i.ibb.co/XzCN8C0/img-145.png,img-145
https://i.ibb.co/g6KgRFp/img-177.jpg,img-177
https://i.ibb.co/ngMrS0L/img-417.jpg,img-417
https://i.ibb.co/ZxbjqFW/img-290.png,img-290
https://i.ibb.co/TvbSTPk/img-154.png,img-154
https://i.ibb.co/937vkL6/img-532.jpg,img-532
https://i.ibb.co/p2cmTHK/img-39.jpg,img-39
https://i.ibb.co/9ZJjDqj/img-555.png,img-555
https://i.ibb.co/596pXCf/img-375.png,img-375
https://i.ibb.co/s2MJvF5/img-488.png,img-488
https://i.ibb.co/rQm8W0G/img-347.png,img-347
https://i.ibb.co/wMLvfpB/img-42.jpg,img-42
https://i.ibb.co/mcFLKZJ/img-547.jpg,img-547
https://i.ibb.co/TYTDZKv/img-75.png,img-75
https://i.ibb.co/GVtx7hz/img-526.png,img-526
https://i.ibb.co/b18V3WG/img-50.jpg,img-50
https://i.ibb.co/RStP6xh/img-543.jpg,img-543
https://i.ibb.co/93yhr0M/img-82.jpg,img-82
https://i.ibb.co/xf386S4/img-461.jpg,img-461
https://i.ibb.co/gr0LKw6/img-500.jpg,img-500
https://i.ibb.co/0FBvT3D/img-545.jpg,img-545
https://i.ibb.co/VqDWy7g/img-158.jpg,img-158
https://i.ibb.co/hdzq7ZC/img-406.jpg,img-406
https://i.ibb.co/vH2m0Yy/img-64.png,img-64
https://i.ibb.co/qrry8rz/img-525.png,img-525
https://i.ibb.co/VNtXTPg/img-512.jpg,img-512
https://i.ibb.co/Ct10Z8Q/img-37.png,img-37
https://i.ibb.co/rfHR8ZF/img-79.png,img-79
https://i.ibb.co/wJwKh3r/img-195.png,img-195
https://i.ibb.co/g7wnF0Z/img-184.jpg,img-184
https://i.ibb.co/bJxZ0Zt/img-172.jpg,img-172
https://i.ibb.co/xjD8M5T/img-19.png,img-19
https://i.ibb.co/svnC9kj/img-9.jpg,img-9
https://i.ibb.co/CBGx8yD/img-217.jpg,img-217
https://i.ibb.co/6XJMF64/img-86.png,img-86
https://i.ibb.co/0XX7xbc/img-146.jpg,img-146
https://i.ibb.co/TmvVjPF/img-511.jpg,img-511
https://i.ibb.co/tQK5KGt/img-501.jpg,img-501
https://i.ibb.co/qMywRrM/img-10.png,img-10
https://i.ibb.co/GVzxMBR/img-127.jpg,img-127
https://i.ibb.co/sVVwHZD/img-471.png,img-471
https://i.ibb.co/yXbyjHG/img-455.jpg,img-455
https://i.ibb.co/zZqFrgW/img-475.jpg,img-475
https://i.ibb.co/hsqHNds/img-8.jpg,img-8
https://i.ibb.co/fv21KP2/img-408.jpg,img-408
https://i.ibb.co/k6zTfsG/img-128.jpg,img-128
https://i.ibb.co/gjqcSTq/img-3.jpg,img-3
https://i.ibb.co/yYKL3vY/img-284.jpg,img-284
https://i.ibb.co/mBp1rQp/img-326.jpg,img-326
https://i.ibb.co/FmK0cSm/img-201.jpg,img-201
https://i.ibb.co/b55xHv2/img-441.jpg,img-441
https://i.ibb.co/G3xS1MG/img-494.jpg,img-494
https://i.ibb.co/FmMdZKT/img-582.jpg,img-582
https://i.ibb.co/w7Ywk8s/img-298.jpg,img-298
https://i.ibb.co/3BGQPNS/img-12.jpg,img-12
https://i.ibb.co/Y8vTVSr/img-533.jpg,img-533
https://i.ibb.co/tqSYxz7/img-514.jpg,img-514
https://i.ibb.co/qxDFBy6/img-144.jpg,img-144
https://i.ibb.co/19fC5Kc/img-373.jpg,img-373
https://i.ibb.co/WBwYLPZ/img-341.jpg,img-341
https://i.ibb.co/TRtXMLP/img-485.jpg,img-485
https://i.ibb.co/RTMS2bh/img-552.jpg,img-552
https://i.ibb.co/nMyz2Bb/img-254.jpg,img-254
https://i.ibb.co/km1PmzR/img-415.jpg,img-415
https://i.ibb.co/PMLPNXN/img-29.jpg,img-29
https://i.ibb.co/CHZqxvz/img-126.jpg,img-126
https://i.ibb.co/pbQp2SN/img-178.png,img-178
https://i.ibb.co/H7VkWsD/img-277.jpg,img-277
https://i.ibb.co/nrF05V0/img-121.png,img-121
https://i.ibb.co/84k3Hqm/img-189.jpg,img-189
https://i.ibb.co/ZgWZqSc/img-153.jpg,img-153
https://i.ibb.co/Jc4WH17/img-558.jpg,img-558
https://i.ibb.co/Vq2fwbR/img-340.jpg,img-340
https://i.ibb.co/74QPTvw/img-68.jpg,img-68
https://i.ibb.co/Qdnf6w7/img-513.jpg,img-513
https://i.ibb.co/CvtXYDF/img-343.jpg,img-343
https://i.ibb.co/YTfMRcg/img-330.jpg,img-330
https://i.ibb.co/9bDGVSS/img-173.png,img-173
https://i.ibb.co/VvKwPNm/img-549.jpg,img-549
https://i.ibb.co/WW0VWZY/img-596.jpg,img-596
https://i.ibb.co/XW8rkD9/img-98.jpg,img-98
https://i.ibb.co/CBV6GNV/img-362.jpg,img-362
https://i.ibb.co/mvn1vdD/img-337.jpg,img-337
https://i.ibb.co/ZNTBGk1/img-313.jpg,img-313
https://i.ibb.co/6JKVKmz/img-11.jpg,img-11
https://i.ibb.co/hYhsfjt/img-541.jpg,img-541
https://i.ibb.co/RyH7MtC/img-180.jpg,img-180
https://i.ibb.co/Mg7Qz2P/img-71.jpg,img-71
https://i.ibb.co/fMggYCS/img-491.jpg,img-491
https://i.ibb.co/XJDDfyd/img-515.jpg,img-515
https://i.ibb.co/0XhXRhH/img-342.jpg,img-342
https://i.ibb.co/QkvdN7h/img-53.jpg,img-53
https://i.ibb.co/m947Dz3/img-579.jpg,img-579
https://i.ibb.co/W3V2L68/img-409.jpg,img-409
https://i.ibb.co/596xtkS/img-518.jpg,img-518
https://i.ibb.co/PmFsfwf/img-5.jpg,img-5
https://i.ibb.co/4dYTDd3/img-427.jpg,img-427
https://i.ibb.co/YbRwgNV/img-544.jpg,img-544
https://i.ibb.co/b6sf4C8/img-517.jpg,img-517
https://i.ibb.co/KLWdW9Q/img-554.png,img-554
https://i.ibb.co/J3WvJCd/img-344.jpg,img-344
https://i.ibb.co/RCn3ywm/img-560.jpg,img-560
https://i.ibb.co/qDV9VFz/img-481.png,img-481
https://i.ibb.co/cX05FVX/img-63.jpg,img-63
https://i.ibb.co/Sy1h0BN/img-432.jpg,img-432
https://i.ibb.co/YttK3GT/img-122.jpg,img-122
https://i.ibb.co/Kj945g9/img-497.jpg,img-497
https://i.ibb.co/2Wc6rj6/img-83.jpg,img-83
https://i.ibb.co/cQF4CXj/img-99.png,img-99
https://i.ibb.co/hgrDctN/img-84.jpg,img-84
https://i.ibb.co/z6ShqVF/img-493.jpg,img-493
https://i.ibb.co/wQd3LZY/img-528.png,img-528
https://i.ibb.co/yNvMGdq/img-355.jpg,img-355
https://i.ibb.co/XXVWhV3/img-521.jpg,img-521
https://i.ibb.co/kKRf1zV/img-390.jpg,img-390
https://i.ibb.co/6Xkd4vB/img-559.jpg,img-559
https://i.ibb.co/zbPPzBD/img-442.jpg,img-442
https://i.ibb.co/KXpSkB0/img-376.png,img-376
https://i.ibb.co/NSmpZqm/img-387.jpg,img-387
https://i.ibb.co/308BKLY/img-464.jpg,img-464
https://i.ibb.co/Lgh0BZn/img-520.jpg,img-520
https://i.ibb.co/wKNN21q/img-41.jpg,img-41
https://i.ibb.co/Cm4GhN1/img-328.png,img-328
https://i.ibb.co/1fyhg3x/img-407.jpg,img-407
https://i.ibb.co/BVDN9sV/img-190.jpg,img-190
https://i.ibb.co/mXZMTVP/img-454.jpg,img-454
https://i.ibb.co/s3ZNRBK/img-426.jpg,img-426
https://i.ibb.co/vD9yZgh/img-262.jpg,img-262
https://i.ibb.co/rGZDntQ/img-137.jpg,img-137
https://i.ibb.co/qpG1hYC/img-209.png,img-209
https://i.ibb.co/B6cC30F/img-391.jpg,img-391
https://i.ibb.co/mhF8Czb/img-410.jpg,img-410
https://i.ibb.co/RQ0jFYV/img-200.jpg,img-200
https://i.ibb.co/z8tqbjT/img-480.jpg,img-480
https://i.ibb.co/qrQncWf/img-400.jpg,img-400
https://i.ibb.co/cksc9P6/img-25.jpg,img-25
https://i.ibb.co/6YwvC3B/img-96.jpg,img-96
https://i.ibb.co/mcqD8nz/img-603.jpg,img-603
https://i.ibb.co/DgfnXs1/img-77.jpg,img-77
https://i.ibb.co/Jzj62Tx/img-52.jpg,img-52
https://i.ibb.co/GR15BdB/img-540.jpg,img-540
https://i.ibb.co/BjJ1KSM/img-487.jpg,img-487
https://i.ibb.co/bBdyyPs/img-214.jpg,img-214
https://i.ibb.co/DbXKzmH/img-280.jpg,img-280
https://i.ibb.co/VTNtDGw/img-416.jpg,img-416
https://i.ibb.co/HXx88QQ/img-297.jpg,img-297
https://i.ibb.co/p6HwDnf/img-438.jpg,img-438
https://i.ibb.co/BjnQQ4h/img-433.jpg,img-433
https://i.ibb.co/xH9J9bv/img-393.png,img-393
https://i.ibb.co/bmmFGM0/img-548.jpg,img-548
https://i.ibb.co/N6kCwDZ/img-202.jpg,img-202
https://i.ibb.co/mSbGpBM/img-321.jpg,img-321
https://i.ibb.co/Pht4wT5/img-496.jpg,img-496
https://i.ibb.co/WPCVWNV/img-403.jpg,img-403
https://i.ibb.co/1JD6Pc4/img-469.jpg,img-469
https://i.ibb.co/fHZnJMN/img-43.jpg,img-43
https://i.ibb.co/nsQrGw2/img-123.jpg,img-123
https://i.ibb.co/VYr4Jv9/img-516.jpg,img-516
https://i.ibb.co/drWcbRR/img-238.jpg,img-238
https://i.ibb.co/Rj11tKH/img-478.jpg,img-478
https://i.ibb.co/Pgwk4QQ/img-100.jpg,img-100
https://i.ibb.co/68h6m61/img-435.jpg,img-435
https://i.ibb.co/qp05HFf/img-529.png,img-529
https://i.ibb.co/CHpfGfp/img-490.jpg,img-490
https://i.ibb.co/NrSX1d9/img-339.jpg,img-339
https://i.ibb.co/n8pcKxG/img-538.jpg,img-538
https://i.ibb.co/2dXNbpT/img-72.jpg,img-72
https://i.ibb.co/4ZgZjX8/img-380.jpg,img-380
https://i.ibb.co/Jtgp1XS/img-213.png,img-213
https://i.ibb.co/4fDDphg/img-191.jpg,img-191
https://i.ibb.co/DkS0Bg0/img-557.jpg,img-557
https://i.ibb.co/Fmtm7wd/img-245.jpg,img-245
https://i.ibb.co/XyJ7xgB/img-396.jpg,img-396
https://i.ibb.co/QXvJ59C/img-264.jpg,img-264
https://i.ibb.co/7jHFftJ/img-263.jpg,img-263
https://i.ibb.co/k5qngSF/img-411.jpg,img-411
https://i.ibb.co/tsQSKzk/img-444.jpg,img-444
https://i.ibb.co/923LB2n/img-466.jpg,img-466
https://i.ibb.co/R74XQfQ/img-218.jpg,img-218
https://i.ibb.co/R3ckgZ6/img-97.jpg,img-97
https://i.ibb.co/fqtGMP1/img-322.png,img-322
https://i.ibb.co/rdmvkGn/img-152.jpg,img-152
https://i.ibb.co/k60fcGB/img-283.jpg,img-283
https://i.ibb.co/6b2xb0c/img-95.jpg,img-95
https://i.ibb.co/ydMmjzB/img-35.jpg,img-35
https://i.ibb.co/n18ytKw/img-56.jpg,img-56
https://i.ibb.co/qYJssVy/img-18.jpg,img-18
https://i.ibb.co/DVjKmHN/img-253.jpg,img-253
https://i.ibb.co/NN50f4N/img-462.jpg,img-462
https://i.ibb.co/RybV3vm/img-424.jpg,img-424
https://i.ibb.co/5Gx0L5d/img-21.jpg,img-21
https://i.ibb.co/jLRXG7q/img-136.jpg,img-136
https://i.ibb.co/8jWGdS3/img-28.jpg,img-28
https://i.ibb.co/5FwcDfN/img-382.jpg,img-382
https://i.ibb.co/17kfx92/img-134.jpg,img-134
https://i.ibb.co/hyBYTy3/img-167.jpg,img-167
https://i.ibb.co/nCVRySY/img-93.jpg,img-93
https://i.ibb.co/RzLqP4y/img-332.jpg,img-332
https://i.ibb.co/xD5M0kd/img-130.jpg,img-130
https://i.ibb.co/DwCq0Sn/img-566.jpg,img-566
https://i.ibb.co/7rM6MpJ/img-51.jpg,img-51
https://i.ibb.co/6P0LtTD/img-119.jpg,img-119
https://i.ibb.co/Gvdyw3y/img-523.jpg,img-523
https://i.ibb.co/nrWtZFy/img-440.jpg,img-440
https://i.ibb.co/TWdVCRX/img-303.jpg,img-303
https://i.ibb.co/5Ghf6kY/img-133.png,img-133
https://i.ibb.co/B449fwc/img-338.jpg,img-338
https://i.ibb.co/HV70GGg/img-531.png,img-531
https://i.ibb.co/Xk3GSsY/img-301.jpg,img-301
https://i.ibb.co/w6TBjqf/img-556.jpg,img-556
https://i.ibb.co/c3QzR4M/img-143.jpg,img-143
https://i.ibb.co/tqQqMSD/img-530.png,img-530
https://i.ibb.co/bXBFCwb/img-179.jpg,img-179
https://i.ibb.co/vY687p3/img-69.jpg,img-69
https://i.ibb.co/hgQx7pv/img-594.jpg,img-594
https://i.ibb.co/1vv8TQd/img-570.jpg,img-570
https://i.ibb.co/hW0RKPc/img-163.jpg,img-163
https://i.ibb.co/5jJ7fmV/img-578.jpg,img-578
https://i.ibb.co/qnybqQZ/img-499.jpg,img-499
https://i.ibb.co/WnxsBQn/img-26.jpg,img-26
https://i.ibb.co/B3jBp53/img-392.jpg,img-392
https://i.ibb.co/pdbd3D4/img-319.png,img-319
https://i.ibb.co/McS8wJJ/img-33.jpg,img-33
https://i.ibb.co/F5xT5Jt/img-44.jpg,img-44
https://i.ibb.co/n6DpqbK/img-151.jpg,img-151
https://i.ibb.co/s2Rbz58/img-425.jpg,img-425
https://i.ibb.co/Wfpd8yb/img-551.jpg,img-551
https://i.ibb.co/n1NGqYk/img-363.jpg,img-363
https://i.ibb.co/5WbJSK2/img-571.jpg,img-571
https://i.ibb.co/MZfL02R/img-311.jpg,img-311
https://i.ibb.co/7bqzh0f/img-359.jpg,img-359
https://i.ibb.co/pvF5gZB/img-288.png,img-288
https://i.ibb.co/0GjMwVs/img-450.jpg,img-450
https://i.ibb.co/1LhBLKV/img-302.jpg,img-302
https://i.ibb.co/CsNFwkQ/img-395.jpg,img-395
https://i.ibb.co/TLkRLyy/img-260.jpg,img-260
https://i.ibb.co/Jv3RL8f/img-304.jpg,img-304
https://i.ibb.co/wW6ZSN2/img-204.png,img-204
https://i.ibb.co/s5KQrhw/img-510.jpg,img-510
https://i.ibb.co/zNjBWF1/img-357.jpg,img-357
https://i.ibb.co/3cG29p3/img-484.jpg,img-484
https://i.ibb.co/Q6XnKfw/img-139.jpg,img-139
https://i.ibb.co/0Vwmkvr/img-233.jpg,img-233
https://i.ibb.co/fvWpSwm/img-504.png,img-504
https://i.ibb.co/1bDjDxN/img-333.jpg,img-333
https://i.ibb.co/FnnLLXm/img-419.jpg,img-419
https://i.ibb.co/NnYhFsL/img-358.png,img-358
https://i.ibb.co/frvhjZf/img-405.jpg,img-405
https://i.ibb.co/0FHTVLb/img-243.jpg,img-243
https://i.ibb.co/pLKdhLK/img-507.jpg,img-507
https://i.ibb.co/3zDhytv/img-278.jpg,img-278
https://i.ibb.co/GRNt2GC/img-55.jpg,img-55
https://i.ibb.co/jLCxbJ5/img-473.jpg,img-473
https://i.ibb.co/s2S9bFz/img-389.jpg,img-389
https://i.ibb.co/cgqFcrn/img-349.jpg,img-349
https://i.ibb.co/v4cQpJW/img-246.jpg,img-246
https://i.ibb.co/Qv1DtPP/img-536.jpg,img-536
https://i.ibb.co/yNxR5S7/img-135.jpg,img-135
https://i.ibb.co/JHjmX35/img-138.jpg,img-138
https://i.ibb.co/3fZt2rj/img-235.jpg,img-235
https://i.ibb.co/jJVjGKr/img-57.jpg,img-57
https://i.ibb.co/s3DN60z/img-599.jpg,img-599
https://i.ibb.co/4KKwksP/img-467.jpg,img-467
https://i.ibb.co/5FmKrJC/img-142.jpg,img-142
https://i.ibb.co/nfFVgnB/img-248.jpg,img-248
https://i.ibb.co/NKp2pLB/img-247.jpg,img-247
https://i.ibb.co/5WLP4t4/img-193.jpg,img-193
https://i.ibb.co/Yt5GrJc/img-249.jpg,img-249
https://i.ibb.co/ykwvRW7/img-276.jpg,img-276
https://i.ibb.co/tDvvq1j/img-590.jpg,img-590
https://i.ibb.co/QPfrgH2/img-242.jpg,img-242
https://i.ibb.co/HPtTxvJ/img-275.jpg,img-275
https://i.ibb.co/RQg9y10/img-32.jpg,img-32
https://i.ibb.co/31xmFsj/img-509.jpg,img-509
https://i.ibb.co/j8N8CBc/img-537.jpg,img-537
https://i.ibb.co/5vCppmc/img-181.jpg,img-181
https://i.ibb.co/y52g58L/img-31.jpg,img-31
https://i.ibb.co/4ZmntY0/img-234.jpg,img-234
https://i.ibb.co/rcVKcmY/img-196.jpg,img-196
https://i.ibb.co/TH9XCLt/img-519.jpg,img-519
https://i.ibb.co/jRMkfqd/img-402.jpg,img-402
https://i.ibb.co/yF8BtDJ/img-312.jpg,img-312
https://i.ibb.co/LZ1n7Hq/img-420.jpg,img-420
https://i.ibb.co/3mSLY0f/img-367.jpg,img-367
https://i.ibb.co/hYpk05F/img-164.jpg,img-164
https://i.ibb.co/3TpXp3p/img-458.jpg,img-458
https://i.ibb.co/kD9vz3z/img-118.jpg,img-118
https://i.ibb.co/xCgPKqL/img-2.jpg,img-2
https://i.ibb.co/8KyYVS6/img-17.jpg,img-17
https://i.ibb.co/bFfLKp5/img-589.jpg,img-589
https://i.ibb.co/tPjnHdH/img-371.jpg,img-371
https://i.ibb.co/CwZzgqg/img-418.jpg,img-418
https://i.ibb.co/0KKY66b/img-445.jpg,img-445
https://i.ibb.co/Yp3LcJ4/img-325.jpg,img-325
https://i.ibb.co/TTQfqyh/img-401.jpg,img-401
https://i.ibb.co/bRbdnKt/img-279.jpg,img-279
https://i.ibb.co/5817Gcv/img-372.jpg,img-372
https://i.ibb.co/7yQV5Lt/img-107.jpg,img-107
https://i.ibb.co/nRr2g20/img-602.jpg,img-602
https://i.ibb.co/pLbdGV9/img-129.jpg,img-129
https://i.ibb.co/9NhS8Xr/img-250.jpg,img-250
https://i.ibb.co/BZhCmZH/img-331.jpg,img-331
https://i.ibb.co/PGK4761/img-92.jpg,img-92
https://i.ibb.co/RpmrHx8/img-140.jpg,img-140
https://i.ibb.co/k2FV6nT/img-361.jpg,img-361
https://i.ibb.co/tKKByvt/img-226.jpg,img-226
https://i.ibb.co/GQCKr64/img-459.jpg,img-459
https://i.ibb.co/5k5ZMKV/img-477.jpg,img-477
https://i.ibb.co/mb4RxHZ/img-215.jpg,img-215
https://i.ibb.co/D9nnwb1/img-206.jpg,img-206
https://i.ibb.co/fFLdKNh/img-598.jpg,img-598
https://i.ibb.co/x2Yc3SD/img-369.jpg,img-369
https://i.ibb.co/pLRt9vp/img-421.jpg,img-421
https://i.ibb.co/RN5rmgF/img-470.jpg,img-470
https://i.ibb.co/HdFm70r/img-1.jpg,img-1
https://i.ibb.co/gR51k33/img-576.jpg,img-576
https://i.ibb.co/MnypPhC/img-212.jpg,img-212
https://i.ibb.co/wK9SvcK/img-59.jpg,img-59
https://i.ibb.co/hm2QdZn/img-508.jpg,img-508
https://i.ibb.co/jJt7vgB/img-354.jpg,img-354
https://i.ibb.co/fnh18K6/img-70.jpg,img-70
https://i.ibb.co/3s1R0tq/img-368.jpg,img-368
https://i.ibb.co/6F1gnm8/img-120.jpg,img-120
https://i.ibb.co/K9X7DDC/img-211.jpg,img-211
https://i.ibb.co/VqxzKtz/img-495.jpg,img-495
https://i.ibb.co/qYH1g0z/img-192.jpg,img-192
https://i.ibb.co/Bnn24P8/img-210.jpg,img-210
https://i.ibb.co/9hvBfzp/img-162.jpg,img-162
https://i.ibb.co/jZ2n0Ss/img-236.jpg,img-236
https://i.ibb.co/DGDp5DH/img-78.jpg,img-78
https://i.ibb.co/dGwZBR8/img-365.jpg,img-365
https://i.ibb.co/YjKt4pT/img-324.jpg,img-324
https://i.ibb.co/85vX1Hf/img-228.jpg,img-228
https://i.ibb.co/V9d5XDP/img-377.jpg,img-377
https://i.ibb.co/ZSWyTLy/img-527.jpg,img-527
https://i.ibb.co/jzRjMQH/img-429.jpg,img-429
https://i.ibb.co/4Svs81m/img-27.jpg,img-27
https://i.ibb.co/jW2dBL0/img-94.jpg,img-94
https://i.ibb.co/nwWhN1k/img-366.jpg,img-366
https://i.ibb.co/kqdgrkJ/img-293.png,img-293
https://i.ibb.co/6F85WYJ/img-194.jpg,img-194
https://i.ibb.co/0qvn0N7/img-329.jpg,img-329
https://i.ibb.co/HNj20SJ/img-404.jpg,img-404
https://i.ibb.co/Brkn1TD/img-379.jpg,img-379
https://i.ibb.co/VgXT3Zm/img-384.jpg,img-384
https://i.ibb.co/PrvLbxH/img-116.jpg,img-116
https://i.ibb.co/frPfWg1/img-73.jpg,img-73
https://i.ibb.co/5nDpK2n/img-414.jpg,img-414
https://i.ibb.co/wWXZM5x/img-413.jpg,img-413
https://i.ibb.co/fF3CQK8/img-451.jpg,img-451
https://i.ibb.co/ZhV40n4/img-323.jpg,img-323
https://i.ibb.co/ncJ4spv/img-345.jpg,img-345
https://i.ibb.co/ng7dH8J/img-572.png,img-572
https://i.ibb.co/mRXRSB4/img-286.jpg,img-286
https://i.ibb.co/Mfdh4jb/img-422.png,img-422
https://i.ibb.co/hCK8wVq/img-30.jpg,img-30
https://i.ibb.co/5kmh8cH/img-452.jpg,img-452
https://i.ibb.co/x82fLQN/img-524.png,img-524
